{
	"terrestrial":{
		"H":[0.0435,0.0284]
	},
	"gas":{
		"H":[8.24e-12,0.01164],
		"He":[0.0114,0.290612],
		"H$_2$":[1.92879,0.317394],
		"H$_2$O":[3.8e-7,0.642506],
		"CO":[0.000698,0.001031],
		"CO$_2$":[1.863e-8,0.05444],
		"CH$_4$":[0.000698,0.0072],
		"N$_2$":[0.000190,0.223079],
		"O":[1.08e-18,0.0166],
		"O$_2$":[1.776e-19,0.00153237]
	}
}
